{"cameraMode":{"drawMode":0,"name":"Shaded","section":"Shading Mode"},"sceneLighting":true,"audioPlay":false,"sceneViewState":{"showFog":true,"showMaterialUpdate":false,"showSkybox":true,"showFlares":true,"showImageEffects":true,"showParticleSystems":true},"in2DMode":false,"pivot":{"x":-6.160171031951904,"y":-0.1831507682800293,"z":0.11999998986721039},"rotation":{"x":-0.04824995994567871,"y":0.04103700816631317,"z":-0.00198364001698792,"w":-0.9979899525642395},"size":12.205077171325684,"orthographic":true}